id,filename,status,error_message,created_at
311a84ca-b098-4547-95fc-fef7bf0b09f1,trackify_backup_complete_2026-07-16_15-24-00.sql,Success,,Thu Jul 16 2026 15:24:03 GMT+0530 (India Standard Time)
79f01675-2f65-4265-8036-383baa795e18,trackify_complete_db_2026-07-16_15-24-42.sql,Success,,Thu Jul 16 2026 15:24:44 GMT+0530 (India Standard Time)
ba0d52ea-4abb-4b6a-bac4-bad751056fa2,trackify_complete_db_2026-07-16_15-24-48.sql,Success,,Thu Jul 16 2026 15:24:51 GMT+0530 (India Standard Time)
408b1888-44ac-419e-b02f-3843878e4b4c,trackify_complete_db_2026-07-16_15-25-29.sql,Success,,Thu Jul 16 2026 15:25:32 GMT+0530 (India Standard Time)
548cb4aa-57bd-47b2-9fc7-d2ddc10ca550,trackify_complete_db_2026-07-16_15-27-09.sql,Success,,Thu Jul 16 2026 15:27:25 GMT+0530 (India Standard Time)
25facb5f-864c-423e-a5c1-2a92f4a528c3,trackify_backup_complete_2026-07-16_15-28-29.sql,Success,,Thu Jul 16 2026 15:28:48 GMT+0530 (India Standard Time)
ca85c25b-c227-40ff-b36b-087884003273,trackify_complete_db_2026-07-16_15-30-36.sql,Success,,Thu Jul 16 2026 15:30:39 GMT+0530 (India Standard Time)
a0d70396-7289-4341-b1e6-83f8e5568bf0,trackify_complete_db_2026-07-17_15-53-07.sql,Success,,Fri Jul 17 2026 15:53:07 GMT+0530 (India Standard Time)
0675f230-a901-4d9a-80f8-4164b205c5e3,trackify_complete_db_2026-07-17_15-53-16.sql,Success,,Fri Jul 17 2026 15:53:17 GMT+0530 (India Standard Time)
465c42b8-4919-45fc-a016-ec2e81aa06a8,trackify_complete_db_2026-07-18_16-39-36.sql,Success,,Sat Jul 18 2026 16:39:36 GMT+0530 (India Standard Time)
421f00ad-6c98-4357-8c1f-16ac8c017cc9,trackify_complete_db_2026-07-19_14-57-54.sql,Success,,Sun Jul 19 2026 14:57:55 GMT+0530 (India Standard Time)
218a3fb3-4d6a-447c-9f8e-1f5551fcb14c,trackify_complete_db_2026-07-20_07-33-11.sql,Success,,Mon Jul 20 2026 07:33:13 GMT+0530 (India Standard Time)
87f627f1-17ca-4f31-97a8-21f0bac04aaa,trackify_backup_complete_2026-07-20_08-22-16.sql,Success,,Mon Jul 20 2026 08:22:18 GMT+0530 (India Standard Time)
65c80d3a-5a55-4b9e-840a-f5f15b3a1a52,trackify_backup_complete_2026-07-20_08-23-33.sql,Success,,Mon Jul 20 2026 08:23:35 GMT+0530 (India Standard Time)
1c800476-5122-4e39-9456-cbd6c6214911,trackify_backup_complete_2026-07-20_08-23-39.sql,Success,,Mon Jul 20 2026 08:23:41 GMT+0530 (India Standard Time)
eab05d22-57a7-4aca-bb58-85df0ef5deac,trackify_complete_db_2026-07-21_17-25-37.sql,Success,,Tue Jul 21 2026 17:25:37 GMT+0530 (India Standard Time)